INSERT INTO addresses (address_id, city, street, postal, house, apartment) VALUES (1, 'Wroclaw','Wojrowicka', '54-436', '36', 26)
INSERT INTO addresses (address_id, city, street, postal, house, apartment) VALUES (2, 'Boleslawiec','Starzynskiego', '59-700', '74', 1)
INSERT INTO addresses (address_id, city, street, postal, house, apartment) VALUES (3, 'Warszawa','Pileckiego', '01-200', '32', 3)
INSERT INTO addresses (address_id, city, street, postal, house, apartment) VALUES (4, 'Poznan','Sienkiewicza', '52-360', '21', 4)
INSERT INTO addresses (address_id, city, street, postal, house, apartment) VALUES (5, 'Katowice','Mickiewicza', '57-300', '20', 15)
INSERT INTO patients (patient_id, first_name, last_name, pesel, address_id) VALUES (1, 'Damian','Petryk', 87112608270, 1)
INSERT INTO patients (patient_id, first_name, last_name, pesel, address_id) VALUES (2, 'Anna','Kowal', 83112608230, 2)
INSERT INTO patients (patient_id, first_name, last_name, pesel, address_id) VALUES (3, 'Tomasz','Dziubinski', 8102936835, 3)
INSERT INTO patients (patient_id, first_name, last_name, pesel, address_id) VALUES (4, 'Hanna','Kowalska', 82100408380, 4)
INSERT INTO patients (patient_id, first_name, last_name, pesel, address_id) VALUES (5, 'Kinga','Nowak', 00211403340, 5)
INSERT INTO visits (visit_id, visit_date, notes, prescriptions, patient_id) VALUES (1,  {ts '2018-07-11 14:27:52.69'}, 'Lorem ipsum dolor sit amet, consectetur adipiscing elit. Sed non venenatis magna, ac suscipit mauris. Aliquam lacinia porttitor mattis. Praesent eleifend nec sem a consectetur. Praesent ex arcu, gravida eget elementum at, rutrum efficitur ex. Aenean tortor sem, accumsan quis tempus eget, pulvinar id nisl. Fusce lacus leo,', 'Paracetamol', 1)
INSERT INTO visits (visit_id, visit_date, notes, prescriptions, patient_id) VALUES (2, {ts '2018-07-09 12:47:52.69'}, 'Lorem ipsum dolor sit amet, consectetur adipiscing elit. Sed non venenatis magna, ac suscipit mauris. Aliquam lacinia porttitor mattis. Praesent eleifend nec sem a consectetur. Praesent ex arcu, gravida eget elementum at, rutrum efficitur ex. Aenean tortor sem, accumsan quis tempus eget, pulvinar id nisl. Fusce lacus leo,', 'Ketonal 2xD', 2)
INSERT INTO visits (visit_id, visit_date, notes, prescriptions, patient_id) VALUES (3, {ts '2018-07-10 09:00:52.69'}, 'Lorem ipsum dolor sit amet, consectetur adipiscing elit. Sed non venenatis magna, ac suscipit mauris. Aliquam lacinia porttitor mattis. Praesent eleifend nec sem a consectetur. Praesent ex arcu, gravida eget elementum at, rutrum efficitur ex. Aenean tortor sem, accumsan quis tempus eget, pulvinar id nisl. Fusce lacus leo,', 'Vivace 1xD, Nabivolek 1xD', 3)
INSERT INTO visits (visit_id, visit_date, notes, prescriptions, patient_id) VALUES (4, {ts '2018-07-11 10:15:52.69'}, 'Lorem ipsum dolor sit amet, consectetur adipiscing elit. Sed non venenatis magna, ac suscipit mauris. Aliquam lacinia porttitor mattis. Praesent eleifend nec sem a consectetur. Praesent ex arcu, gravida eget elementum at, rutrum efficitur ex. Aenean tortor sem, accumsan quis tempus eget, pulvinar id nisl. Fusce lacus leo,', 'Ketonal 2xD', 4)
INSERT INTO visits (visit_id, visit_date, notes, prescriptions, patient_id) VALUES (5, {ts '2018-07-12 17:47:52.69'}, 'Lorem ipsum dolor sit amet, consectetur adipiscing elit. Sed non venenatis magna, ac suscipit mauris. Aliquam lacinia porttitor mattis. Praesent eleifend nec sem a consectetur. Praesent ex arcu, gravida eget elementum at, rutrum efficitur ex. Aenean tortor sem, accumsan quis tempus eget, pulvinar id nisl. Fusce lacus leo,', 'Morfine', 5)
INSERT INTO visits (visit_id, visit_date, notes, prescriptions, patient_id) VALUES (6, {ts '2018-07-11 08:30:52.69'}, 'Lorem ipsum dolor sit amet, consectetur adipiscing elit. Sed non venenatis magna, ac suscipit mauris. Aliquam lacinia porttitor mattis. Praesent eleifend nec sem a consectetur. Praesent ex arcu, gravida eget elementum at, rutrum efficitur ex. Aenean tortor sem, accumsan quis tempus eget, pulvinar id nisl. Fusce lacus leo,', 'Ketonal, Marihuana', 1)
INSERT INTO visits (visit_id, visit_date, notes, prescriptions, patient_id) VALUES (7, {ts '2018-07-09 7:47:52.69'}, 'Lorem ipsum dolor sit amet, consectetur adipiscing elit. Sed non venenatis magna, ac suscipit mauris. Aliquam lacinia porttitor mattis. Praesent eleifend nec sem a consectetur. Praesent ex arcu, gravida eget elementum at, rutrum efficitur ex. Aenean tortor sem, accumsan quis tempus eget, pulvinar id nisl. Fusce lacus leo,', 'Vivace 1xD, Nabivolek 1xD', 2)
INSERT INTO visits (visit_id, visit_date, notes, prescriptions, patient_id) VALUES (8, {ts '2018-07-10 11:00:52.69'}, 'Lorem ipsum dolor sit amet, consectetur adipiscing elit. Sed non venenatis magna, ac suscipit mauris. Aliquam lacinia porttitor mattis. Praesent eleifend nec sem a consectetur. Praesent ex arcu, gravida eget elementum at, rutrum efficitur ex. Aenean tortor sem, accumsan quis tempus eget, pulvinar id nisl. Fusce lacus leo,', 'no prescription', 3)
INSERT INTO visits (visit_id, visit_date, notes, prescriptions, patient_id) VALUES (9, {ts '2018-07-11 13:15:52.69'}, 'Lorem ipsum dolor sit amet, consectetur adipiscing elit. Sed non venenatis magna, ac suscipit mauris. Aliquam lacinia porttitor mattis. Praesent eleifend nec sem a consectetur. Praesent ex arcu, gravida eget elementum at, rutrum efficitur ex. Aenean tortor sem, accumsan quis tempus eget, pulvinar id nisl. Fusce lacus leo,', 'Paracetamol', 4)
INSERT INTO visits (visit_id, visit_date, notes, prescriptions, patient_id) VALUES (10, {ts '2018-07-12 15:47:52.69'}, 'Lorem ipsum dolor sit amet, consectetur adipiscing elit. Sed non venenatis magna, ac suscipit mauris. Aliquam lacinia porttitor mattis. Praesent eleifend nec sem a consectetur. Praesent ex arcu, gravida eget elementum at, rutrum efficitur ex. Aenean tortor sem, accumsan quis tempus eget, pulvinar id nisl. Fusce lacus leo,', 'Paracetamol', 5)
INSERT INTO visits (visit_id, visit_date, notes, prescriptions, patient_id) VALUES (11, {ts '2018-07-16 14:27:52.69'}, 'Lorem ipsum dolor sit amet, consectetur adipiscing elit. Sed non venenatis magna, ac suscipit mauris. Aliquam lacinia porttitor mattis. Praesent eleifend nec sem a consectetur. Praesent ex arcu, gravida eget elementum at, rutrum efficitur ex. Aenean tortor sem, accumsan quis tempus eget, pulvinar id nisl. Fusce lacus leo,', 'Ketonal 2xD', 1)
INSERT INTO visits (visit_id, visit_date, notes, prescriptions, patient_id) VALUES (12, {ts '2018-07-17 12:47:52.69'}, 'Lorem ipsum dolor sit amet, consectetur adipiscing elit. Sed non venenatis magna, ac suscipit mauris. Aliquam lacinia porttitor mattis. Praesent eleifend nec sem a consectetur. Praesent ex arcu, gravida eget elementum at, rutrum efficitur ex. Aenean tortor sem, accumsan quis tempus eget, pulvinar id nisl. Fusce lacus leo,', 'Paracetamol', 2)
INSERT INTO visits (visit_id, visit_date, notes, prescriptions, patient_id) VALUES (13, {ts '2018-07-18 09:00:52.69'}, 'Lorem ipsum dolor sit amet, consectetur adipiscing elit. Sed non venenatis magna, ac suscipit mauris. Aliquam lacinia porttitor mattis. Praesent eleifend nec sem a consectetur. Praesent ex arcu, gravida eget elementum at, rutrum efficitur ex. Aenean tortor sem, accumsan quis tempus eget, pulvinar id nisl. Fusce lacus leo,', 'Vivace 1xD, Nabivolek 1xD', 3)
INSERT INTO visits (visit_id, visit_date, notes, prescriptions, patient_id) VALUES (14, {ts '2018-07-19 10:15:52.69'}, 'Lorem ipsum dolor sit amet, consectetur adipiscing elit. Sed non venenatis magna, ac suscipit mauris. Aliquam lacinia porttitor mattis. Praesent eleifend nec sem a consectetur. Praesent ex arcu, gravida eget elementum at, rutrum efficitur ex. Aenean tortor sem, accumsan quis tempus eget, pulvinar id nisl. Fusce lacus leo,', 'Paracetamol', 4)
INSERT INTO visits (visit_id, visit_date, notes, prescriptions, patient_id) VALUES (15, {ts '2018-07-20 17:47:52.69'}, 'Lorem ipsum dolor sit amet, consectetur adipiscing elit. Sed non venenatis magna, ac suscipit mauris. Aliquam lacinia porttitor mattis. Praesent eleifend nec sem a consectetur. Praesent ex arcu, gravida eget elementum at, rutrum efficitur ex. Aenean tortor sem, accumsan quis tempus eget, pulvinar id nisl. Fusce lacus leo,', 'Ketonal, Marihuana', 5)
INSERT INTO visits (visit_id, visit_date, notes, prescriptions, patient_id) VALUES (16, {ts '2018-07-21 08:30:52.69'}, 'Lorem ipsum dolor sit amet, consectetur adipiscing elit. Sed non venenatis magna, ac suscipit mauris. Aliquam lacinia porttitor mattis. Praesent eleifend nec sem a consectetur. Praesent ex arcu, gravida eget elementum at, rutrum efficitur ex. Aenean tortor sem, accumsan quis tempus eget, pulvinar id nisl. Fusce lacus leo,', 'Paracetamol', 1)
INSERT INTO visits (visit_id, visit_date, notes, prescriptions, patient_id) VALUES (17, {ts '2018-07-22 7:47:52.69'}, 'Lorem ipsum dolor sit amet, consectetur adipiscing elit. Sed non venenatis magna, ac suscipit mauris. Aliquam lacinia porttitor mattis. Praesent eleifend nec sem a consectetur. Praesent ex arcu, gravida eget elementum at, rutrum efficitur ex. Aenean tortor sem, accumsan quis tempus eget, pulvinar id nisl. Fusce lacus leo,', 'Paracetamol', 2)
INSERT INTO visits (visit_id, visit_date, notes, prescriptions, patient_id) VALUES (18, {ts '2018-07-17 11:00:52.69'}, 'Lorem ipsum dolor sit amet, consectetur adipiscing elit. Sed non venenatis magna, ac suscipit mauris. Aliquam lacinia porttitor mattis. Praesent eleifend nec sem a consectetur. Praesent ex arcu, gravida eget elementum at, rutrum efficitur ex. Aenean tortor sem, accumsan quis tempus eget, pulvinar id nisl. Fusce lacus leo,', 'no prescription', 3)
INSERT INTO visits (visit_id, visit_date, notes, prescriptions, patient_id) VALUES (19, {ts '2018-07-18 13:15:52.69'}, 'Lorem ipsum dolor sit amet, consectetur adipiscing elit. Sed non venenatis magna, ac suscipit mauris. Aliquam lacinia porttitor mattis. Praesent eleifend nec sem a consectetur. Praesent ex arcu, gravida eget elementum at, rutrum efficitur ex. Aenean tortor sem, accumsan quis tempus eget, pulvinar id nisl. Fusce lacus leo,', 'Paracetamol', 4)
INSERT INTO visits (visit_id, visit_date, notes, prescriptions, patient_id) VALUES (20, {ts '2018-07-19 15:47:52.69'}, 'Lorem ipsum dolor sit amet, consectetur adipiscing elit. Sed non venenatis magna, ac suscipit mauris. Aliquam lacinia porttitor mattis. Praesent eleifend nec sem a consectetur. Praesent ex arcu, gravida eget elementum at, rutrum efficitur ex. Aenean tortor sem, accumsan quis tempus eget, pulvinar id nisl. Fusce lacus leo,', 'Morfine', 5)
