INSERT INTO addresses (address_id, city, street, postal, house, apartment) VALUES (1, 'Wroclaw','Wojrowicka', '54-436', '36', 26)
INSERT INTO addresses (address_id, city, street, postal, house, apartment) VALUES (2, 'Boleslawiec','Starzynskiego', '59-700', '74', 1)
INSERT INTO addresses (address_id, city, street, postal, house, apartment) VALUES (3, 'Warszawa','Pileckiego', '01-200', '32', 3)
INSERT INTO addresses (address_id, city, street, postal, house, apartment) VALUES (4, 'Poznan','Sienkiewicza', '52-360', '21', 4)
INSERT INTO addresses (address_id, city, street, postal, house, apartment) VALUES (5, 'Katowice','Mickiewicza', '57-300', '20', 15)
INSERT INTO patients (patient_id, first_name, last_name, pesel, address_id) VALUES (1, 'Damian','Dupa', 87112608270, 1)
INSERT INTO patients (patient_id, first_name, last_name, pesel, address_id) VALUES (2, 'Anna','Kowal', 83112608230, 2)
INSERT INTO patients (patient_id, first_name, last_name, pesel, address_id) VALUES (3, 'Tomasz','Dziubinski', 8102936835, 3)
INSERT INTO patients (patient_id, first_name, last_name, pesel, address_id) VALUES (4, 'Hanna','Kowalska', 82100408380, 4)
INSERT INTO patients (patient_id, first_name, last_name, pesel, address_id) VALUES (5, 'Kinga','Nowak', 00211403340, 5)
INSERT INTO visits (visit_id, visit_date, patient_id) VALUES (1,  {ts '2012-09-17 19:47:52.69'}, 1)
INSERT INTO visits (visit_id, visit_date, patient_id) VALUES (2, TO_DATE( '03-11-2016', 'DD-MM-YYYY' ), 2)
INSERT INTO visits (visit_id, visit_date, patient_id) VALUES (3, TO_DATE( '07-10-2017', 'DD-MM-YYYY' ), 3)
INSERT INTO visits (visit_id, visit_date, patient_id) VALUES (4, TO_DATE( '05-05-2018', 'DD-MM-YYYY' ), 4)
INSERT INTO visits (visit_id, visit_date, patient_id) VALUES (5, TO_DATE( '02-07-2018', 'DD-MM-YYYY' ), 5)
INSERT INTO notes (note_id, note, note_date, visit_id) VALUES (1, 'Lorem ipsum dolor sit amet, consectetur adipiscing elit. Sed non venenatis magna, ac suscipit mauris. Aliquam lacinia porttitor mattis. Praesent eleifend nec sem a consectetur. Praesent ex arcu, gravida eget elementum at, rutrum efficitur ex. Aenean tortor sem, accumsan quis tempus eget, pulvinar id nisl. Fusce lacus leo,',TO_DATE( '02-08-2018', 'DD-MM-YYYY'), 1)
INSERT INTO notes (note_id, note, note_date, visit_id) VALUES (2, 'Lorem ipsum dolor sit amet, consectetur adipiscing elit. Sed non venenatis magna, ac suscipit mauris. Aliquam lacinia porttitor mattis. Praesent eleifend nec sem a consectetur. Praesent ex arcu, gravida eget elementum at, rutrum efficitur ex. Aenean tortor sem, accumsan quis tempus eget, pulvinar id nisl. Fusce lacus leo,',TO_DATE( '07-09-2018', 'DD-MM-YYYY'), 2)
INSERT INTO notes (note_id, note, note_date, visit_id) VALUES (3, 'Lorem ipsum dolor sit amet, consectetur adipiscing elit. Sed non venenatis magna, ac suscipit mauris. Aliquam lacinia porttitor mattis. Praesent eleifend nec sem a consectetur. Praesent ex arcu, gravida eget elementum at, rutrum efficitur ex. Aenean tortor sem, accumsan quis tempus eget, pulvinar id nisl. Fusce lacus leo,',TO_DATE( '04-10-2018', 'DD-MM-YYYY'), 2)
INSERT INTO notes (note_id, note, note_date, visit_id) VALUES (4, 'Lorem ipsum dolor sit amet, consectetur adipiscing elit. Sed non venenatis magna, ac suscipit mauris. Aliquam lacinia porttitor mattis. Praesent eleifend nec sem a consectetur. Praesent ex arcu, gravida eget elementum at, rutrum efficitur ex. Aenean tortor sem, accumsan quis tempus eget, pulvinar id nisl. Fusce lacus leo,',TO_DATE( '11-11-2017', 'DD-MM-YYYY'), 2)
INSERT INTO notes (note_id, note, note_date, visit_id) VALUES (5, 'Lorem ipsum dolor sit amet, consectetur adipiscing elit. Sed non venenatis magna, ac suscipit mauris. Aliquam lacinia porttitor mattis. Praesent eleifend nec sem a consectetur. Praesent ex arcu, gravida eget elementum at, rutrum efficitur ex. Aenean tortor sem, accumsan quis tempus eget, pulvinar id nisl. Fusce lacus leo,',TO_DATE( '12-10-2018', 'DD-MM-YYYY'), 3)
INSERT INTO notes (note_id, note, note_date, visit_id) VALUES (6, 'Lorem ipsum dolor sit amet, consectetur adipiscing elit. Sed non venenatis magna, ac suscipit mauris. Aliquam lacinia porttitor mattis. Praesent eleifend nec sem a consectetur. Praesent ex arcu, gravida eget elementum at, rutrum efficitur ex. Aenean tortor sem, accumsan quis tempus eget, pulvinar id nisl. Fusce lacus leo,',TO_DATE( '03-01-2017', 'DD-MM-YYYY'), 4)
INSERT INTO notes (note_id, note, note_date, visit_id) VALUES (7, 'Lorem ipsum dolor sit amet, consectetur adipiscing elit. Sed non venenatis magna, ac suscipit mauris. Aliquam lacinia porttitor mattis. Praesent eleifend nec sem a consectetur. Praesent ex arcu, gravida eget elementum at, rutrum efficitur ex. Aenean tortor sem, accumsan quis tempus eget, pulvinar id nisl. Fusce lacus leo,',TO_DATE( '05-04-2018', 'DD-MM-YYYY'), 4)
INSERT INTO notes (note_id, note, note_date, visit_id) VALUES (8, 'Lorem ipsum dolor sit amet, consectetur adipiscing elit. Sed non venenatis magna, ac suscipit mauris. Aliquam lacinia porttitor mattis. Praesent eleifend nec sem a consectetur. Praesent ex arcu, gravida eget elementum at, rutrum efficitur ex. Aenean tortor sem, accumsan quis tempus eget, pulvinar id nisl. Fusce lacus leo,',TO_DATE( '07-05-2017', 'DD-MM-YYYY'), 5)
INSERT INTO notes (note_id, note, note_date, visit_id) VALUES (9, 'Lorem ipsum dolor sit amet, consectetur adipiscing elit. Sed non venenatis magna, ac suscipit mauris. Aliquam lacinia porttitor mattis. Praesent eleifend nec sem a consectetur. Praesent ex arcu, gravida eget elementum at, rutrum efficitur ex. Aenean tortor sem, accumsan quis tempus eget, pulvinar id nisl. Fusce lacus leo,',TO_DATE( '09-06-2018', 'DD-MM-YYYY'), 5)