INSERT INTO addresses (address_id, city, street, postal, house, apartment) VALUES (1, 'Wroclaw','Wojrowicka', '54-436', '36', 26)
INSERT INTO addresses (address_id, city, street, postal, house, apartment) VALUES (2, 'Boleslawiec','Starzynskiego', '59-700', '74', 1)
INSERT INTO addresses (address_id, city, street, postal, house, apartment) VALUES (3, 'Warszawa','Pileckiego', '01-200', '32', 3)
INSERT INTO addresses (address_id, city, street, postal, house, apartment) VALUES (4, 'Poznan','Sienkiewicza', '52-360', '21', 4)
INSERT INTO addresses (address_id, city, street, postal, house, apartment) VALUES (5, 'Katowice','Mickiewicza', '57-300', '20', 15)
INSERT INTO patients (patient_id, first_name, last_name, pesel, email, phone, vip, address_id) VALUES (1, 'Damian','Petryk', '87112608270', 'damian.petryk@testing.com', '123456789', true, 1)
INSERT INTO patients (patient_id, first_name, last_name, pesel, email, phone, vip, address_id) VALUES (2, 'Anna','Kowal', '83112608230', 'anna.kowal@testing.com', '123456789', true, 2)
INSERT INTO patients (patient_id, first_name, last_name, pesel, email, phone, vip, address_id) VALUES (3, 'Tomasz','Dziubinski', '81029368350', 'tomasz.dziubinski@testing.com', '123456789', false, 3)
INSERT INTO patients (patient_id, first_name, last_name, pesel, email, phone, vip, address_id) VALUES (4, 'Hanna','Kowalska', '82100408380', 'hanna.kowalska@testing.com', '123456789', false, 4)
INSERT INTO patients (patient_id, first_name, last_name, pesel, email, phone, vip, address_id) VALUES (5, 'Kinga','Nowak', '00211403340', 'kinga.nowak@testing.com', '123456789', false, 5)
INSERT INTO visits (visit_id, visit_date, notes, recommendations, prescriptions, patient_id) VALUES (1, {ts '2018-07-31 14:27:52.69'}, 'Lorem ipsum dolor sit amet, consectetur adipiscing elit. Sed non venenatis magna, ac suscipit mauris. Aliquam lacinia porttitor mattis. Praesent eleifend nec sem a consectetur. Praesent ex arcu, gravida eget elementum at, rutrum efficitur ex. Aenean tortor sem, accumsan quis tempus eget, pulvinar id nisl. Fusce lacus leo,', 'Lorem ipsum dolor sit amet, consectetur adipiscing elit. Sed non venenatis magna, ac suscipit mauris. Aliquam lacinia porttitor mattis. Praesent eleifend nec sem a consectetur.','Paracetamol', 1)
INSERT INTO visits (visit_id, visit_date, notes, recommendations, prescriptions, patient_id) VALUES (2, {ts '2018-08-01 12:47:52.69'}, 'Lorem ipsum dolor sit amet, consectetur adipiscing elit. Sed non venenatis magna, ac suscipit mauris. Aliquam lacinia porttitor mattis. Praesent eleifend nec sem a consectetur. Praesent ex arcu, gravida eget elementum at, rutrum efficitur ex. Aenean tortor sem, accumsan quis tempus eget, pulvinar id nisl. Fusce lacus leo,', 'Lorem ipsum dolor sit amet, consectetur adipiscing elit. Sed non venenatis magna, ac suscipit mauris. Aliquam lacinia porttitor mattis. Praesent eleifend nec sem a consectetur.', 'Ketonal 2xD', 2)
INSERT INTO visits (visit_id, visit_date, notes, recommendations, prescriptions, patient_id) VALUES (3, {ts '2018-08-02 09:00:52.69'}, 'Lorem ipsum dolor sit amet, consectetur adipiscing elit. Sed non venenatis magna, ac suscipit mauris. Aliquam lacinia porttitor mattis. Praesent eleifend nec sem a consectetur. Praesent ex arcu, gravida eget elementum at, rutrum efficitur ex. Aenean tortor sem, accumsan quis tempus eget, pulvinar id nisl. Fusce lacus leo,', 'Lorem ipsum dolor sit amet, consectetur adipiscing elit. Sed non venenatis magna, ac suscipit mauris. Aliquam lacinia porttitor mattis. Praesent eleifend nec sem a consectetur.', 'Vivace 1xD, Nabivolek 1xD', 3)
INSERT INTO visits (visit_id, visit_date, notes, recommendations, prescriptions, patient_id) VALUES (4, {ts '2018-07-31 10:15:52.69'}, 'Lorem ipsum dolor sit amet, consectetur adipiscing elit. Sed non venenatis magna, ac suscipit mauris. Aliquam lacinia porttitor mattis. Praesent eleifend nec sem a consectetur. Praesent ex arcu, gravida eget elementum at, rutrum efficitur ex. Aenean tortor sem, accumsan quis tempus eget, pulvinar id nisl. Fusce lacus leo,', 'Lorem ipsum dolor sit amet, consectetur adipiscing elit. Sed non venenatis magna, ac suscipit mauris. Aliquam lacinia porttitor mattis. Praesent eleifend nec sem a consectetur.', 'Ketonal 2xD', 4)
INSERT INTO visits (visit_id, visit_date, notes, recommendations, prescriptions, patient_id) VALUES (5, {ts '2018-08-04 17:47:52.69'}, 'Lorem ipsum dolor sit amet, consectetur adipiscing elit. Sed non venenatis magna, ac suscipit mauris. Aliquam lacinia porttitor mattis. Praesent eleifend nec sem a consectetur. Praesent ex arcu, gravida eget elementum at, rutrum efficitur ex. Aenean tortor sem, accumsan quis tempus eget, pulvinar id nisl. Fusce lacus leo,', 'Lorem ipsum dolor sit amet, consectetur adipiscing elit. Sed non venenatis magna, ac suscipit mauris. Aliquam lacinia porttitor mattis. Praesent eleifend nec sem a consectetur.', 'Morfine', 5)
INSERT INTO visits (visit_id, visit_date, notes, recommendations, prescriptions, patient_id) VALUES (6, {ts '2018-07-31 08:30:52.69'}, 'Lorem ipsum dolor sit amet, consectetur adipiscing elit. Sed non venenatis magna, ac suscipit mauris. Aliquam lacinia porttitor mattis. Praesent eleifend nec sem a consectetur. Praesent ex arcu, gravida eget elementum at, rutrum efficitur ex. Aenean tortor sem, accumsan quis tempus eget, pulvinar id nisl. Fusce lacus leo,', 'Lorem ipsum dolor sit amet, consectetur adipiscing elit. Sed non venenatis magna, ac suscipit mauris. Aliquam lacinia porttitor mattis. Praesent eleifend nec sem a consectetur.', 'Ketonal, Marihuana', 1)
INSERT INTO visits (visit_id, visit_date, notes, recommendations, prescriptions, patient_id) VALUES (7, {ts '2018-08-05 07:47:52.69'}, 'Lorem ipsum dolor sit amet, consectetur adipiscing elit. Sed non venenatis magna, ac suscipit mauris. Aliquam lacinia porttitor mattis. Praesent eleifend nec sem a consectetur. Praesent ex arcu, gravida eget elementum at, rutrum efficitur ex. Aenean tortor sem, accumsan quis tempus eget, pulvinar id nisl. Fusce lacus leo,', 'Lorem ipsum dolor sit amet, consectetur adipiscing elit. Sed non venenatis magna, ac suscipit mauris. Aliquam lacinia porttitor mattis. Praesent eleifend nec sem a consectetur.', 'Vivace 1xD, Nabivolek 1xD', 2)
INSERT INTO visits (visit_id, visit_date, notes, recommendations, prescriptions, patient_id) VALUES (8, {ts '2018-07-30 11:00:52.69'}, 'Lorem ipsum dolor sit amet, consectetur adipiscing elit. Sed non venenatis magna, ac suscipit mauris. Aliquam lacinia porttitor mattis. Praesent eleifend nec sem a consectetur. Praesent ex arcu, gravida eget elementum at, rutrum efficitur ex. Aenean tortor sem, accumsan quis tempus eget, pulvinar id nisl. Fusce lacus leo,', 'Lorem ipsum dolor sit amet, consectetur adipiscing elit. Sed non venenatis magna, ac suscipit mauris. Aliquam lacinia porttitor mattis. Praesent eleifend nec sem a consectetur.', 'no prescription', 3)
INSERT INTO visits (visit_id, visit_date, notes, recommendations, prescriptions, patient_id) VALUES (9, {ts '2018-08-05 13:15:52.69'}, 'Lorem ipsum dolor sit amet, consectetur adipiscing elit. Sed non venenatis magna, ac suscipit mauris. Aliquam lacinia porttitor mattis. Praesent eleifend nec sem a consectetur. Praesent ex arcu, gravida eget elementum at, rutrum efficitur ex. Aenean tortor sem, accumsan quis tempus eget, pulvinar id nisl. Fusce lacus leo,', 'Lorem ipsum dolor sit amet, consectetur adipiscing elit. Sed non venenatis magna, ac suscipit mauris. Aliquam lacinia porttitor mattis. Praesent eleifend nec sem a consectetur.', 'Paracetamol', 4)
INSERT INTO visits (visit_id, visit_date, notes, recommendations, prescriptions, patient_id) VALUES (10, {ts '2018-08-01 15:47:52.69'}, 'Lorem ipsum dolor sit amet, consectetur adipiscing elit. Sed non venenatis magna, ac suscipit mauris. Aliquam lacinia porttitor mattis. Praesent eleifend nec sem a consectetur. Praesent ex arcu, gravida eget elementum at, rutrum efficitur ex. Aenean tortor sem, accumsan quis tempus eget, pulvinar id nisl. Fusce lacus leo,', 'Lorem ipsum dolor sit amet, consectetur adipiscing elit. Sed non venenatis magna, ac suscipit mauris. Aliquam lacinia porttitor mattis. Praesent eleifend nec sem a consectetur.', 'Paracetamol', 5)
INSERT INTO visits (visit_id, visit_date, notes, recommendations, prescriptions, patient_id) VALUES (11, {ts '2018-08-02 14:27:52.69'}, 'Lorem ipsum dolor sit amet, consectetur adipiscing elit. Sed non venenatis magna, ac suscipit mauris. Aliquam lacinia porttitor mattis. Praesent eleifend nec sem a consectetur. Praesent ex arcu, gravida eget elementum at, rutrum efficitur ex. Aenean tortor sem, accumsan quis tempus eget, pulvinar id nisl. Fusce lacus leo,', 'Lorem ipsum dolor sit amet, consectetur adipiscing elit. Sed non venenatis magna, ac suscipit mauris. Aliquam lacinia porttitor mattis. Praesent eleifend nec sem a consectetur.', 'Ketonal 2xD', 1)
INSERT INTO visits (visit_id, visit_date, notes, recommendations, prescriptions, patient_id) VALUES (12, {ts '2018-08-06 12:47:52.69'}, 'Lorem ipsum dolor sit amet, consectetur adipiscing elit. Sed non venenatis magna, ac suscipit mauris. Aliquam lacinia porttitor mattis. Praesent eleifend nec sem a consectetur. Praesent ex arcu, gravida eget elementum at, rutrum efficitur ex. Aenean tortor sem, accumsan quis tempus eget, pulvinar id nisl. Fusce lacus leo,', 'Lorem ipsum dolor sit amet, consectetur adipiscing elit. Sed non venenatis magna, ac suscipit mauris. Aliquam lacinia porttitor mattis. Praesent eleifend nec sem a consectetur.', 'Paracetamol', 2)
INSERT INTO visits (visit_id, visit_date, notes, recommendations, prescriptions, patient_id) VALUES (13, {ts '2018-08-07 09:00:52.69'}, 'Lorem ipsum dolor sit amet, consectetur adipiscing elit. Sed non venenatis magna, ac suscipit mauris. Aliquam lacinia porttitor mattis. Praesent eleifend nec sem a consectetur. Praesent ex arcu, gravida eget elementum at, rutrum efficitur ex. Aenean tortor sem, accumsan quis tempus eget, pulvinar id nisl. Fusce lacus leo,', 'Lorem ipsum dolor sit amet, consectetur adipiscing elit. Sed non venenatis magna, ac suscipit mauris. Aliquam lacinia porttitor mattis. Praesent eleifend nec sem a consectetur.', 'Vivace 1xD, Nabivolek 1xD', 3)
INSERT INTO visits (visit_id, visit_date, notes, recommendations, prescriptions, patient_id) VALUES (14, {ts '2018-08-03 10:15:52.69'}, 'Lorem ipsum dolor sit amet, consectetur adipiscing elit. Sed non venenatis magna, ac suscipit mauris. Aliquam lacinia porttitor mattis. Praesent eleifend nec sem a consectetur. Praesent ex arcu, gravida eget elementum at, rutrum efficitur ex. Aenean tortor sem, accumsan quis tempus eget, pulvinar id nisl. Fusce lacus leo,', 'Lorem ipsum dolor sit amet, consectetur adipiscing elit. Sed non venenatis magna, ac suscipit mauris. Aliquam lacinia porttitor mattis. Praesent eleifend nec sem a consectetur.', 'Paracetamol', 4)
INSERT INTO visits (visit_id, visit_date, notes, recommendations, prescriptions, patient_id) VALUES (15, {ts '2018-07-30 17:47:52.69'}, 'Lorem ipsum dolor sit amet, consectetur adipiscing elit. Sed non venenatis magna, ac suscipit mauris. Aliquam lacinia porttitor mattis. Praesent eleifend nec sem a consectetur. Praesent ex arcu, gravida eget elementum at, rutrum efficitur ex. Aenean tortor sem, accumsan quis tempus eget, pulvinar id nisl. Fusce lacus leo,', 'Lorem ipsum dolor sit amet, consectetur adipiscing elit. Sed non venenatis magna, ac suscipit mauris. Aliquam lacinia porttitor mattis. Praesent eleifend nec sem a consectetur.', 'Ketonal, Marihuana', 5)
INSERT INTO visits (visit_id, visit_date, notes, recommendations, prescriptions, patient_id) VALUES (16, {ts '2018-07-31 08:30:52.69'}, 'Lorem ipsum dolor sit amet, consectetur adipiscing elit. Sed non venenatis magna, ac suscipit mauris. Aliquam lacinia porttitor mattis. Praesent eleifend nec sem a consectetur. Praesent ex arcu, gravida eget elementum at, rutrum efficitur ex. Aenean tortor sem, accumsan quis tempus eget, pulvinar id nisl. Fusce lacus leo,', 'Lorem ipsum dolor sit amet, consectetur adipiscing elit. Sed non venenatis magna, ac suscipit mauris. Aliquam lacinia porttitor mattis. Praesent eleifend nec sem a consectetur.', 'Paracetamol', 1)
INSERT INTO visits (visit_id, visit_date, notes, recommendations, prescriptions, patient_id) VALUES (17, {ts '2018-08-06 07:47:52.69'}, 'Lorem ipsum dolor sit amet, consectetur adipiscing elit. Sed non venenatis magna, ac suscipit mauris. Aliquam lacinia porttitor mattis. Praesent eleifend nec sem a consectetur. Praesent ex arcu, gravida eget elementum at, rutrum efficitur ex. Aenean tortor sem, accumsan quis tempus eget, pulvinar id nisl. Fusce lacus leo,', 'Lorem ipsum dolor sit amet, consectetur adipiscing elit. Sed non venenatis magna, ac suscipit mauris. Aliquam lacinia porttitor mattis. Praesent eleifend nec sem a consectetur.', 'Paracetamol', 2)
INSERT INTO visits (visit_id, visit_date, notes, recommendations, prescriptions, patient_id) VALUES (18, {ts '2018-08-05 11:00:52.69'}, 'Lorem ipsum dolor sit amet, consectetur adipiscing elit. Sed non venenatis magna, ac suscipit mauris. Aliquam lacinia porttitor mattis. Praesent eleifend nec sem a consectetur. Praesent ex arcu, gravida eget elementum at, rutrum efficitur ex. Aenean tortor sem, accumsan quis tempus eget, pulvinar id nisl. Fusce lacus leo,', 'Lorem ipsum dolor sit amet, consectetur adipiscing elit. Sed non venenatis magna, ac suscipit mauris. Aliquam lacinia porttitor mattis. Praesent eleifend nec sem a consectetur.', 'no prescription', 3)
INSERT INTO visits (visit_id, visit_date, notes, recommendations, prescriptions, patient_id) VALUES (19, {ts '2018-08-02 13:15:52.69'}, 'Lorem ipsum dolor sit amet, consectetur adipiscing elit. Sed non venenatis magna, ac suscipit mauris. Aliquam lacinia porttitor mattis. Praesent eleifend nec sem a consectetur. Praesent ex arcu, gravida eget elementum at, rutrum efficitur ex. Aenean tortor sem, accumsan quis tempus eget, pulvinar id nisl. Fusce lacus leo,', 'Lorem ipsum dolor sit amet, consectetur adipiscing elit. Sed non venenatis magna, ac suscipit mauris. Aliquam lacinia porttitor mattis. Praesent eleifend nec sem a consectetur.', 'Paracetamol', 4)
INSERT INTO visits (visit_id, visit_date, notes, recommendations, prescriptions, patient_id) VALUES (20, {ts '2018-08-07 15:47:52.69'}, 'Lorem ipsum dolor sit amet, consectetur adipiscing elit. Sed non venenatis magna, ac suscipit mauris. Aliquam lacinia porttitor mattis. Praesent eleifend nec sem a consectetur. Praesent ex arcu, gravida eget elementum at, rutrum efficitur ex. Aenean tortor sem, accumsan quis tempus eget, pulvinar id nisl. Fusce lacus leo,', 'Lorem ipsum dolor sit amet, consectetur adipiscing elit. Sed non venenatis magna, ac suscipit mauris. Aliquam lacinia porttitor mattis. Praesent eleifend nec sem a consectetur.', 'Morfine', 5)
